{"cameraMode":{"drawMode":0,"name":"Shaded","section":"Shading Mode"},"sceneLighting":true,"audioPlay":false,"sceneViewState":{"m_AlwaysRefresh":false,"showFog":true,"showSkybox":true,"showFlares":true,"showImageEffects":true,"showParticleSystems":true,"showVisualEffectGraphs":true,"m_FxEnabled":true},"in2DMode":false,"pivot":{"x":12.266532897949219,"y":20.113306045532228,"z":100.4075698852539},"rotation":{"x":-0.040164604783058169,"y":-0.04106099531054497,"z":0.0016815380658954383,"w":-0.9983759522438049},"size":34.41554641723633,"orthographic":false}